pc_timestamp,timestamp_ms,scan_id,building_id,status,score,temperature_c,humidity_pct,pressure_hpa,light_lux,tilt_deg,accel_x,accel_y,accel_z,vibration,dist_front_cm,dist_back_cm,dist_left_cm,dist_right_cm,edge_detected,issues,label
2024-01-15T09:00:05,5000,1,BILB_001_MOCK,CRITICAL,100.0,38.17,81.0,1013.2,64.2,13.09,-0.013,-0.011,9.782,1,48.4,111.0,23.4,45.8,0,"HIGH_HUMIDITY,VIBRATION_DETECTED,HUMIDITY_VIBRATION_COMBO,ELEVATED_TEMPERATURE,TILT_DETECTED,LOW_LIGHT",2
2024-01-15T09:00:12,10000,2,BILB_001_MOCK,CRITICAL,100.0,32.29,78.43,1013.3,25.5,5.83,-0.073,-0.016,9.79,1,144.4,80.6,32.1,32.6,0,"HIGH_HUMIDITY,VIBRATION_DETECTED,HUMIDITY_VIBRATION_COMBO,ELEVATED_TEMPERATURE,TILT_DETECTED,LOW_LIGHT",2
2024-01-15T09:00:17,15000,3,BILB_001_MOCK,OK,0.0,19.95,39.48,1013.4,305.2,-0.15,0.02,-0.072,9.75,0,67.0,54.6,29.0,106.0,0,NONE,0
2024-01-15T09:00:21,20000,4,BILB_001_MOCK,CRITICAL,100.0,42.83,78.54,1013.2,29.1,14.61,-0.026,-0.046,9.804,1,111.2,143.0,29.3,102.5,0,"HIGH_HUMIDITY,VIBRATION_DETECTED,HUMIDITY_VIBRATION_COMBO,HIGH_TEMPERATURE,TILT_DETECTED,LOW_LIGHT",2
2024-01-15T09:00:27,25000,5,BILB_001_MOCK,WARNING,20.0,27.11,68.68,1013.1,125.2,1.57,0.043,0.002,9.773,0,126.8,164.9,72.2,28.6,0,ELEVATED_HUMIDITY,1
2024-01-15T09:00:32,30000,6,BILB_001_MOCK,CRITICAL,40.0,25.27,70.05,1013.0,107.0,-0.64,0.037,-0.036,9.774,0,96.0,181.6,71.9,48.5,0,HIGH_HUMIDITY,2
2024-01-15T09:00:37,35000,7,BILB_001_MOCK,OK,0.0,16.64,38.34,1012.7,282.4,0.11,-0.061,-0.05,9.798,0,80.8,65.3,91.9,142.5,0,NONE,0
2024-01-15T09:00:42,40000,8,BILB_001_MOCK,CRITICAL,100.0,41.25,90.96,1012.9,14.3,12.04,0.028,0.08,9.781,1,113.6,194.9,119.1,86.0,0,"HIGH_HUMIDITY,VIBRATION_DETECTED,HUMIDITY_VIBRATION_COMBO,HIGH_TEMPERATURE,TILT_DETECTED,LOW_LIGHT",2
2024-01-15T09:00:47,45000,9,BILB_001_MOCK,OK,0.0,19.14,44.81,1012.2,285.4,-0.13,-0.021,-0.002,9.78,0,62.1,23.5,140.8,134.2,0,NONE,0
2024-01-15T09:00:50,50000,10,BILB_001_MOCK,OK,0.0,23.83,41.65,1013.8,294.5,0.12,0.036,0.003,9.77,0,81.8,119.0,54.5,133.4,0,NONE,0
2024-01-15T09:00:55,55000,11,BILB_001_MOCK,WARNING,33.0,31.54,57.65,1012.8,50.6,1.13,-0.043,0.044,9.767,0,52.2,31.5,22.7,92.0,0,"ELEVATED_HUMIDITY,ELEVATED_TEMPERATURE,LOW_LIGHT",1
2024-01-15T09:01:00,60000,12,BILB_001_MOCK,WARNING,58.0,31.7,62.43,1012.7,82.7,2.52,0.053,-0.01,9.803,1,90.1,150.2,134.7,94.9,0,"ELEVATED_HUMIDITY,VIBRATION_DETECTED,ELEVATED_TEMPERATURE,LOW_LIGHT",1
2024-01-15T09:01:06,65000,13,BILB_001_MOCK,OK,0.0,20.46,34.96,1012.2,324.3,0.26,0.017,-0.067,9.729,0,32.8,92.5,64.1,132.0,0,NONE,0
2024-01-15T09:01:10,70000,14,BILB_001_MOCK,OK,0.0,20.8,43.08,1013.5,315.2,-0.21,-0.025,0.041,9.761,0,26.6,199.9,128.7,146.0,0,NONE,0
2024-01-15T09:01:15,75000,15,BILB_001_MOCK,CRITICAL,100.0,37.32,87.98,1011.9,54.8,12.91,0.1,-0.008,9.815,1,79.2,96.1,144.5,149.4,0,"HIGH_HUMIDITY,VIBRATION_DETECTED,HUMIDITY_VIBRATION_COMBO,ELEVATED_TEMPERATURE,TILT_DETECTED,LOW_LIGHT",2
2024-01-15T09:01:22,80000,16,BILB_001_MOCK,WARNING,20.0,26.66,58.59,1012.2,130.4,0.86,-0.022,0.062,9.789,0,85.4,173.5,40.5,144.9,0,ELEVATED_HUMIDITY,1
2024-01-15T09:01:25,85000,17,BILB_001_MOCK,OK,0.0,20.68,38.78,1012.4,269.0,0.2,-0.028,0.02,9.782,0,105.5,121.7,61.1,53.9,0,NONE,0
2024-01-15T09:01:32,90000,18,BILB_001_MOCK,CRITICAL,100.0,33.77,85.78,1014.1,55.8,15.92,-0.051,0.07,9.782,1,93.2,38.0,89.9,85.8,0,"HIGH_HUMIDITY,VIBRATION_DETECTED,HUMIDITY_VIBRATION_COMBO,ELEVATED_TEMPERATURE,CRITICAL_TILT,LOW_LIGHT",2
2024-01-15T09:01:36,95000,19,BILB_001_MOCK,OK,0.0,23.01,31.0,1012.8,317.1,-0.12,-0.066,0.073,9.778,0,21.0,167.1,58.9,106.2,0,NONE,0
2024-01-15T09:01:41,100000,20,BILB_001_MOCK,OK,0.0,20.71,39.58,1012.9,289.5,-0.23,-0.033,-0.026,9.768,0,83.5,183.0,130.0,32.0,0,NONE,0
2024-01-15T09:01:46,105000,21,BILB_001_MOCK,WARNING,45.0,29.6,63.48,1012.3,120.9,4.85,0.028,-0.023,9.776,1,142.9,144.4,39.4,24.7,0,"ELEVATED_HUMIDITY,VIBRATION_DETECTED",1
2024-01-15T09:01:52,110000,22,BILB_001_MOCK,OK,0.0,17.99,36.28,1013.1,309.9,0.28,-0.002,-0.047,9.804,0,106.7,83.7,92.8,133.7,0,NONE,0
2024-01-15T09:01:57,115000,23,BILB_001_MOCK,CRITICAL,53.0,30.9,73.42,1013.1,38.9,4.7,-0.008,-0.004,9.762,0,141.0,164.4,132.3,125.4,0,"HIGH_HUMIDITY,ELEVATED_TEMPERATURE,LOW_LIGHT",2
2024-01-15T09:02:00,120000,24,BILB_001_MOCK,OK,0.0,20.22,35.67,1013.2,243.1,0.41,-0.051,-0.03,9.814,0,49.6,24.3,45.1,62.7,0,NONE,0
2024-01-15T09:02:06,125000,25,BILB_001_MOCK,OK,0.0,18.58,42.8,1014.0,230.4,-0.25,0.018,-0.005,9.806,0,147.9,26.9,97.6,64.9,0,NONE,0
2024-01-15T09:02:11,130000,26,BILB_001_MOCK,OK,0.0,18.12,34.3,1013.0,334.6,-0.3,-0.003,0.056,9.769,0,113.5,153.6,107.2,67.3,0,NONE,0
2024-01-15T09:02:17,135000,27,BILB_001_MOCK,OK,0.0,22.46,34.66,1012.3,282.3,-0.08,-0.003,-0.036,9.807,0,92.1,54.5,106.4,69.3,0,NONE,0
2024-01-15T09:02:20,140000,28,BILB_001_MOCK,CRITICAL,100.0,32.47,75.51,1012.4,39.9,11.89,0.028,-0.032,9.762,1,77.5,58.5,81.5,137.2,0,"HIGH_HUMIDITY,VIBRATION_DETECTED,HUMIDITY_VIBRATION_COMBO,ELEVATED_TEMPERATURE,TILT_DETECTED,LOW_LIGHT",2
2024-01-15T09:02:25,145000,29,BILB_001_MOCK,CRITICAL,100.0,33.23,74.51,1013.3,22.1,9.14,-0.011,-0.034,9.814,1,39.2,28.3,147.9,99.5,0,"HIGH_HUMIDITY,VIBRATION_DETECTED,HUMIDITY_VIBRATION_COMBO,ELEVATED_TEMPERATURE,TILT_DETECTED,LOW_LIGHT",2
2024-01-15T09:02:30,150000,30,BILB_001_MOCK,CRITICAL,95.0,26.99,84.61,1012.8,29.1,6.34,0.017,-0.04,9.741,1,131.9,179.4,121.2,48.4,0,"HIGH_HUMIDITY,VIBRATION_DETECTED,HUMIDITY_VIBRATION_COMBO,TILT_DETECTED,LOW_LIGHT",2
2024-01-15T09:02:37,155000,31,BILB_001_MOCK,CRITICAL,100.0,30.02,82.26,1012.4,36.2,13.77,0.014,-0.041,9.774,1,118.2,99.7,126.0,136.0,0,"HIGH_HUMIDITY,VIBRATION_DETECTED,HUMIDITY_VIBRATION_COMBO,ELEVATED_TEMPERATURE,TILT_DETECTED,LOW_LIGHT",2
2024-01-15T09:02:42,160000,32,BILB_001_MOCK,WARNING,25.0,25.33,63.18,1013.2,63.3,3.06,-0.034,0.01,9.757,0,51.1,99.2,112.8,50.5,0,"ELEVATED_HUMIDITY,LOW_LIGHT",1
2024-01-15T09:02:46,165000,33,BILB_001_MOCK,OK,0.0,20.64,36.72,1013.1,331.9,0.17,0.05,-0.027,9.8,0,28.1,169.9,70.6,120.1,0,NONE,0
2024-01-15T09:02:50,170000,34,BILB_001_MOCK,CRITICAL,68.0,39.23,69.32,1013.0,41.1,11.68,-0.098,0.05,9.774,1,117.2,118.3,98.4,48.7,0,"ELEVATED_HUMIDITY,VIBRATION_DETECTED,ELEVATED_TEMPERATURE,TILT_DETECTED,LOW_LIGHT",2
2024-01-15T09:02:56,175000,35,BILB_001_MOCK,OK,0.0,19.55,38.48,1013.3,351.7,-0.23,0.048,0.049,9.8,0,23.5,90.9,93.4,23.5,0,NONE,0
2024-01-15T09:03:01,180000,36,BILB_001_MOCK,CRITICAL,100.0,37.93,86.7,1012.6,44.6,15.71,0.075,-0.061,9.803,1,128.2,65.4,30.6,22.5,0,"HIGH_HUMIDITY,VIBRATION_DETECTED,HUMIDITY_VIBRATION_COMBO,ELEVATED_TEMPERATURE,CRITICAL_TILT,LOW_LIGHT",2
2024-01-15T09:03:05,185000,37,BILB_001_MOCK,WARNING,25.0,29.78,62.0,1013.0,51.8,0.46,-0.122,0.003,9.784,0,39.8,42.7,107.0,93.3,0,"ELEVATED_HUMIDITY,LOW_LIGHT",1
2024-01-15T09:03:11,190000,38,BILB_001_MOCK,OK,0.0,18.93,29.89,1013.7,347.6,0.2,0.061,0.023,9.778,0,23.3,76.2,108.1,144.6,0,NONE,0
2024-01-15T09:03:17,195000,39,BILB_001_MOCK,WARNING,25.0,28.28,69.62,1012.8,67.0,2.54,0.072,0.03,9.746,0,93.6,27.4,89.3,106.0,0,"ELEVATED_HUMIDITY,LOW_LIGHT",1
2024-01-15T09:03:22,200000,40,BILB_001_MOCK,OK,0.0,19.81,37.36,1012.3,322.4,-0.31,0.08,-0.028,9.783,0,42.9,113.9,104.6,100.1,0,NONE,0
2024-01-15T09:03:26,205000,41,BILB_001_MOCK,WARNING,50.0,21.53,64.46,1013.4,70.3,0.89,-0.016,-0.079,9.79,1,94.1,140.3,63.7,84.3,0,"ELEVATED_HUMIDITY,VIBRATION_DETECTED,LOW_LIGHT",1
2024-01-15T09:03:30,210000,42,BILB_001_MOCK,OK,0.0,18.13,38.37,1013.5,332.4,-0.01,-0.044,-0.032,9.779,0,51.4,93.2,92.2,51.2,0,NONE,0
2024-01-15T09:03:37,215000,43,BILB_001_MOCK,WARNING,25.0,26.22,55.64,1013.0,81.8,3.24,0.074,-0.043,9.799,0,64.7,199.4,91.6,65.7,0,"ELEVATED_HUMIDITY,LOW_LIGHT",1
2024-01-15T09:03:41,220000,44,BILB_001_MOCK,WARNING,25.0,26.24,66.07,1013.7,62.9,1.77,-0.023,0.029,9.811,0,55.9,126.1,118.8,97.6,0,"ELEVATED_HUMIDITY,LOW_LIGHT",1
2024-01-15T09:03:45,225000,45,BILB_001_MOCK,OK,0.0,19.46,42.53,1013.2,359.4,-0.15,0.005,-0.031,9.826,0,102.9,155.5,33.3,21.6,0,NONE,0
2024-01-15T09:03:51,230000,46,BILB_001_MOCK,OK,0.0,18.19,38.61,1013.1,293.4,0.22,0.012,-0.066,9.781,0,109.2,47.3,125.4,143.4,0,NONE,0
2024-01-15T09:03:55,235000,47,BILB_001_MOCK,OK,0.0,22.5,43.76,1012.5,256.2,-0.42,-0.008,-0.093,9.794,0,148.7,75.0,100.7,99.3,0,NONE,0
2024-01-15T09:04:00,240000,48,BILB_001_MOCK,CRITICAL,100.0,37.58,78.23,1013.1,61.4,13.43,0.018,0.055,9.78,1,97.2,72.4,50.1,111.9,0,"HIGH_HUMIDITY,VIBRATION_DETECTED,HUMIDITY_VIBRATION_COMBO,ELEVATED_TEMPERATURE,TILT_DETECTED,LOW_LIGHT",2
2024-01-15T09:04:06,245000,49,BILB_001_MOCK,CRITICAL,100.0,37.63,82.52,1013.1,66.4,11.35,-0.031,0.027,9.789,1,39.4,67.8,38.5,27.8,0,"HIGH_HUMIDITY,VIBRATION_DETECTED,HUMIDITY_VIBRATION_COMBO,ELEVATED_TEMPERATURE,TILT_DETECTED,LOW_LIGHT",2
2024-01-15T09:04:12,250000,50,BILB_001_MOCK,OK,0.0,19.98,31.51,1012.6,320.0,-0.04,-0.114,-0.058,9.78,0,30.5,27.2,76.2,61.9,0,NONE,0
2024-01-15T09:04:15,255000,51,BILB_001_MOCK,OK,0.0,24.29,44.94,1013.7,255.1,0.2,-0.0,-0.002,9.786,0,118.3,104.7,104.7,139.1,0,NONE,0
2024-01-15T09:04:22,260000,52,BILB_001_MOCK,OK,0.0,16.62,41.6,1012.9,291.3,0.33,0.021,0.027,9.797,0,84.4,139.3,72.1,118.9,0,NONE,0
2024-01-15T09:04:26,265000,53,BILB_001_MOCK,OK,0.0,21.3,40.0,1013.0,345.8,0.39,-0.002,0.038,9.764,0,27.0,113.3,100.9,84.8,0,NONE,0
2024-01-15T09:04:30,270000,54,BILB_001_MOCK,WARNING,25.0,28.09,69.25,1014.0,70.6,3.45,0.093,-0.029,9.771,0,40.6,119.2,91.8,32.1,0,"ELEVATED_HUMIDITY,LOW_LIGHT",1
2024-01-15T09:04:36,275000,55,BILB_001_MOCK,OK,0.0,22.73,35.64,1012.9,376.5,0.4,-0.05,-0.056,9.782,0,79.4,46.0,44.8,97.9,0,NONE,0
2024-01-15T09:04:40,280000,56,BILB_001_MOCK,CRITICAL,63.0,37.11,75.15,1012.1,25.0,13.03,-0.005,-0.009,9.796,0,96.3,199.8,83.7,39.3,0,"HIGH_HUMIDITY,ELEVATED_TEMPERATURE,TILT_DETECTED,LOW_LIGHT",2
2024-01-15T09:04:46,285000,57,BILB_001_MOCK,WARNING,25.0,24.86,68.28,1013.3,74.1,0.41,0.072,-0.033,9.774,0,120.8,27.9,116.8,111.7,0,"ELEVATED_HUMIDITY,LOW_LIGHT",1
2024-01-15T09:04:51,290000,58,BILB_001_MOCK,OK,0.0,23.54,37.36,1013.9,281.2,-0.1,0.092,-0.011,9.788,0,129.9,37.9,138.4,22.0,0,NONE,0
2024-01-15T09:04:56,295000,59,BILB_001_MOCK,OK,0.0,23.65,28.4,1012.6,331.6,0.47,-0.035,0.039,9.789,0,107.7,116.1,144.0,101.5,0,NONE,0
2024-01-15T09:05:01,300000,60,BILB_001_MOCK,CRITICAL,88.0,35.75,78.45,1013.8,48.8,17.14,-0.001,-0.021,9.784,0,102.4,177.1,77.7,110.2,0,"HIGH_HUMIDITY,ELEVATED_TEMPERATURE,CRITICAL_TILT,LOW_LIGHT",2
2024-01-15T09:05:05,305000,61,BILB_001_MOCK,OK,0.0,19.69,39.52,1012.4,333.0,-0.2,0.04,0.013,9.791,0,99.2,88.9,108.8,84.7,0,NONE,0
2024-01-15T09:05:10,310000,62,BILB_001_MOCK,CRITICAL,45.0,27.48,70.5,1012.6,87.5,-0.15,0.009,-0.019,9.778,0,142.9,197.8,58.9,145.1,0,"HIGH_HUMIDITY,LOW_LIGHT",2
2024-01-15T09:05:16,315000,63,BILB_001_MOCK,CRITICAL,100.0,31.73,81.82,1012.7,39.9,19.84,0.032,-0.022,9.81,1,22.9,169.4,71.5,21.1,0,"HIGH_HUMIDITY,VIBRATION_DETECTED,HUMIDITY_VIBRATION_COMBO,ELEVATED_TEMPERATURE,CRITICAL_TILT,LOW_LIGHT",2
2024-01-15T09:05:22,320000,64,BILB_001_MOCK,CRITICAL,75.0,43.67,77.1,1013.1,11.6,11.77,-0.036,0.011,9.767,0,44.7,65.1,118.2,119.8,0,"HIGH_HUMIDITY,HIGH_TEMPERATURE,TILT_DETECTED,LOW_LIGHT",2
2024-01-15T09:05:25,325000,65,BILB_001_MOCK,CRITICAL,60.0,29.01,67.52,1012.3,29.7,9.92,-0.039,0.035,9.789,1,117.2,51.6,37.2,90.1,0,"ELEVATED_HUMIDITY,VIBRATION_DETECTED,TILT_DETECTED,LOW_LIGHT",2
2024-01-15T09:05:32,330000,66,BILB_001_MOCK,OK,0.0,18.4,37.96,1013.4,376.1,0.34,-0.009,0.062,9.754,0,80.9,33.6,118.0,49.3,0,NONE,0
2024-01-15T09:05:37,335000,67,BILB_001_MOCK,CRITICAL,100.0,33.16,72.84,1012.7,24.2,14.89,0.024,0.034,9.793,1,117.4,67.2,69.5,103.0,0,"HIGH_HUMIDITY,VIBRATION_DETECTED,HUMIDITY_VIBRATION_COMBO,ELEVATED_TEMPERATURE,TILT_DETECTED,LOW_LIGHT",2
2024-01-15T09:05:40,340000,68,BILB_001_MOCK,OK,0.0,18.97,32.97,1012.4,234.6,-0.53,-0.046,-0.037,9.763,0,111.1,136.9,35.2,25.9,0,NONE,0
2024-01-15T09:05:46,345000,69,BILB_001_MOCK,OK,0.0,20.99,37.94,1012.2,349.5,0.04,0.088,-0.021,9.756,0,96.4,150.8,135.1,105.1,0,NONE,0
2024-01-15T09:05:52,350000,70,BILB_001_MOCK,CRITICAL,45.0,20.82,70.06,1013.9,83.9,3.41,-0.03,0.062,9.798,0,90.8,196.0,66.6,71.8,0,"HIGH_HUMIDITY,LOW_LIGHT",2
2024-01-15T09:05:55,355000,71,BILB_001_MOCK,OK,0.0,23.54,35.06,1013.2,315.0,0.17,-0.003,-0.075,9.832,0,122.3,56.9,127.9,92.0,0,NONE,0
2024-01-15T09:06:00,360000,72,BILB_001_MOCK,WARNING,25.0,27.84,57.97,1012.8,45.2,2.4,0.142,0.062,9.778,0,123.8,39.8,132.6,37.1,0,"ELEVATED_HUMIDITY,LOW_LIGHT",1
2024-01-15T09:06:05,365000,73,BILB_001_MOCK,OK,0.0,19.7,37.53,1013.1,320.7,-0.02,0.012,-0.045,9.786,0,97.2,101.4,48.8,100.0,0,NONE,0
2024-01-15T09:06:12,370000,74,BILB_001_MOCK,CRITICAL,100.0,30.61,78.81,1012.4,38.8,13.38,0.044,-0.109,9.783,1,29.6,34.5,99.1,28.5,0,"HIGH_HUMIDITY,VIBRATION_DETECTED,HUMIDITY_VIBRATION_COMBO,ELEVATED_TEMPERATURE,TILT_DETECTED,LOW_LIGHT",2
2024-01-15T09:06:17,375000,75,BILB_001_MOCK,OK,0.0,18.31,33.32,1012.3,415.2,-0.44,0.02,0.063,9.798,0,130.9,137.2,120.0,113.7,0,NONE,0
2024-01-15T09:06:21,380000,76,BILB_001_MOCK,OK,0.0,18.63,39.08,1013.4,337.3,-0.17,0.03,-0.025,9.763,0,39.8,186.1,28.7,128.1,0,NONE,0
2024-01-15T09:06:26,385000,77,BILB_001_MOCK,OK,0.0,22.69,42.67,1012.6,252.8,0.14,-0.017,0.034,9.793,0,106.5,155.1,132.9,113.7,0,NONE,0
2024-01-15T09:06:32,390000,78,BILB_001_MOCK,OK,0.0,19.64,40.16,1013.3,298.9,-0.17,-0.038,-0.023,9.777,0,56.2,60.7,75.8,92.9,0,NONE,0
2024-01-15T09:06:37,395000,79,BILB_001_MOCK,CRITICAL,88.0,30.66,72.49,1013.0,45.7,21.08,0.031,-0.013,9.764,0,64.2,21.1,133.1,93.6,0,"HIGH_HUMIDITY,ELEVATED_TEMPERATURE,CRITICAL_TILT,LOW_LIGHT",2
2024-01-15T09:06:40,400000,80,BILB_001_MOCK,WARNING,50.0,29.67,68.61,1012.6,86.3,4.44,0.022,-0.055,9.803,1,121.0,122.2,31.0,26.8,0,"ELEVATED_HUMIDITY,VIBRATION_DETECTED,LOW_LIGHT",1
2024-01-15T09:06:47,405000,81,BILB_001_MOCK,OK,0.0,20.79,38.63,1012.7,314.7,-0.3,0.018,-0.046,9.779,0,34.4,142.1,97.1,88.5,0,NONE,0
2024-01-15T09:06:50,410000,82,BILB_001_MOCK,OK,0.0,21.06,52.18,1013.1,309.1,0.19,-0.084,-0.006,9.79,0,84.7,97.5,36.8,89.2,0,NONE,0
2024-01-15T09:06:57,415000,83,BILB_001_MOCK,OK,0.0,17.23,35.32,1012.5,331.9,-0.18,0.022,0.038,9.788,0,75.8,92.8,103.2,57.6,0,NONE,0
2024-01-15T09:07:00,420000,84,BILB_001_MOCK,WARNING,25.0,28.8,61.22,1012.7,72.8,3.58,0.041,0.042,9.793,0,72.1,34.2,133.2,117.0,0,"ELEVATED_HUMIDITY,LOW_LIGHT",1
2024-01-15T09:07:06,425000,85,BILB_001_MOCK,OK,0.0,20.15,36.04,1013.1,263.5,-0.25,-0.046,0.07,9.773,0,39.2,38.5,53.3,42.6,0,NONE,0
2024-01-15T09:07:12,430000,86,BILB_001_MOCK,OK,0.0,24.38,43.6,1012.3,267.8,-0.23,-0.036,0.053,9.761,0,148.2,78.2,146.2,61.1,0,NONE,0
2024-01-15T09:07:15,435000,87,BILB_001_MOCK,WARNING,25.0,22.84,63.64,1013.5,54.4,2.58,0.025,0.047,9.784,0,57.3,136.0,147.1,31.7,0,"ELEVATED_HUMIDITY,LOW_LIGHT",1
2024-01-15T09:07:22,440000,88,BILB_001_MOCK,WARNING,50.0,24.04,67.25,1013.5,70.7,4.36,-0.035,0.026,9.805,1,85.2,192.4,78.6,125.4,0,"ELEVATED_HUMIDITY,VIBRATION_DETECTED,LOW_LIGHT",1
2024-01-15T09:07:27,445000,89,BILB_001_MOCK,OK,0.0,22.49,41.64,1012.3,315.3,0.46,-0.01,-0.073,9.814,0,70.4,159.4,108.3,26.8,0,NONE,0
2024-01-15T09:07:32,450000,90,BILB_001_MOCK,CRITICAL,100.0,33.19,86.17,1013.8,34.7,8.3,-0.104,-0.023,9.773,1,30.6,139.5,139.2,60.3,0,"HIGH_HUMIDITY,VIBRATION_DETECTED,HUMIDITY_VIBRATION_COMBO,ELEVATED_TEMPERATURE,TILT_DETECTED,LOW_LIGHT",2
2024-01-15T09:07:37,455000,91,BILB_001_MOCK,CRITICAL,100.0,33.9,76.42,1012.7,33.9,11.57,-0.035,0.054,9.802,1,143.1,199.5,138.6,32.1,0,"HIGH_HUMIDITY,VIBRATION_DETECTED,HUMIDITY_VIBRATION_COMBO,ELEVATED_TEMPERATURE,TILT_DETECTED,LOW_LIGHT",2
2024-01-15T09:07:41,460000,92,BILB_001_MOCK,CRITICAL,100.0,34.23,79.92,1013.0,74.4,8.45,-0.032,0.029,9.78,1,58.5,161.9,86.0,90.2,0,"HIGH_HUMIDITY,VIBRATION_DETECTED,HUMIDITY_VIBRATION_COMBO,ELEVATED_TEMPERATURE,TILT_DETECTED,LOW_LIGHT",2
2024-01-15T09:07:47,465000,93,BILB_001_MOCK,CRITICAL,100.0,38.52,81.7,1013.5,32.1,12.22,0.08,0.012,9.744,1,41.5,98.8,73.4,107.9,0,"HIGH_HUMIDITY,VIBRATION_DETECTED,HUMIDITY_VIBRATION_COMBO,ELEVATED_TEMPERATURE,TILT_DETECTED,LOW_LIGHT",2
2024-01-15T09:07:51,470000,94,BILB_001_MOCK,OK,0.0,17.43,32.65,1013.9,271.4,0.05,-0.019,0.027,9.773,0,108.2,122.7,77.3,120.0,0,NONE,0
2024-01-15T09:07:56,475000,95,BILB_001_MOCK,CRITICAL,100.0,30.83,79.85,1013.1,48.5,13.4,-0.012,-0.048,9.782,1,141.5,148.1,87.1,36.2,0,"HIGH_HUMIDITY,VIBRATION_DETECTED,HUMIDITY_VIBRATION_COMBO,ELEVATED_TEMPERATURE,TILT_DETECTED,LOW_LIGHT",2
2024-01-15T09:08:00,480000,96,BILB_001_MOCK,OK,0.0,19.38,48.74,1013.1,334.3,0.19,0.054,-0.007,9.784,0,26.9,110.4,50.7,149.3,0,NONE,0
2024-01-15T09:08:05,485000,97,BILB_001_MOCK,OK,0.0,24.55,40.04,1013.3,250.9,0.23,0.031,0.037,9.753,0,38.0,147.0,78.3,20.7,0,NONE,0
2024-01-15T09:08:10,490000,98,BILB_001_MOCK,OK,0.0,19.86,47.48,1013.3,280.5,-0.46,0.027,-0.005,9.786,0,74.6,162.9,79.4,34.4,0,NONE,0
2024-01-15T09:08:17,495000,99,BILB_001_MOCK,WARNING,50.0,22.87,60.09,1013.5,65.5,-0.13,0.0,-0.029,9.774,1,106.9,114.2,66.9,143.9,0,"ELEVATED_HUMIDITY,VIBRATION_DETECTED,LOW_LIGHT",1
2024-01-15T09:08:22,500000,100,BILB_001_MOCK,CRITICAL,60.0,27.81,55.04,1012.6,85.2,5.02,0.032,-0.001,9.761,1,28.8,63.4,105.4,33.5,0,"ELEVATED_HUMIDITY,VIBRATION_DETECTED,TILT_DETECTED,LOW_LIGHT",2
2024-01-15T09:08:27,505000,101,BILB_001_MOCK,WARNING,25.0,27.07,58.79,1013.4,94.6,1.18,-0.066,0.057,9.777,0,43.7,44.3,113.1,142.7,0,"ELEVATED_HUMIDITY,LOW_LIGHT",1
2024-01-15T09:08:31,510000,102,BILB_001_MOCK,OK,0.0,21.06,46.44,1012.3,277.1,0.2,0.055,-0.013,9.781,0,104.1,71.5,132.1,26.2,0,NONE,0
2024-01-15T09:08:36,515000,103,BILB_001_MOCK,CRITICAL,100.0,33.96,94.19,1013.4,45.9,8.27,-0.012,0.03,9.808,1,67.8,163.5,54.7,30.7,0,"HIGH_HUMIDITY,VIBRATION_DETECTED,HUMIDITY_VIBRATION_COMBO,ELEVATED_TEMPERATURE,TILT_DETECTED,LOW_LIGHT",2
2024-01-15T09:08:40,520000,104,BILB_001_MOCK,CRITICAL,85.0,18.13,70.26,1012.8,95.1,2.53,0.037,-0.075,9.791,1,41.7,99.9,78.1,114.5,0,"HIGH_HUMIDITY,VIBRATION_DETECTED,HUMIDITY_VIBRATION_COMBO,LOW_LIGHT",2
2024-01-15T09:08:47,525000,105,BILB_001_MOCK,OK,0.0,21.6,37.95,1012.7,287.8,0.72,-0.036,0.024,9.751,0,143.9,45.7,99.0,121.6,0,NONE,0
2024-01-15T09:08:50,530000,106,BILB_001_MOCK,OK,0.0,23.17,41.56,1012.4,329.3,-0.2,-0.046,0.046,9.774,0,119.2,123.3,88.8,71.7,0,NONE,0
2024-01-15T09:08:56,535000,107,BILB_001_MOCK,CRITICAL,100.0,35.0,83.93,1012.6,22.4,11.58,-0.015,-0.004,9.802,1,149.5,71.4,139.1,83.9,0,"HIGH_HUMIDITY,VIBRATION_DETECTED,HUMIDITY_VIBRATION_COMBO,ELEVATED_TEMPERATURE,TILT_DETECTED,LOW_LIGHT",2
2024-01-15T09:09:00,540000,108,BILB_001_MOCK,OK,0.0,21.32,33.62,1012.6,274.2,0.26,-0.088,-0.02,9.797,0,28.4,117.6,135.9,130.7,0,NONE,0
2024-01-15T09:09:07,545000,109,BILB_001_MOCK,CRITICAL,100.0,40.12,74.97,1013.1,22.8,13.29,0.026,0.003,9.776,1,92.0,86.4,124.5,91.7,0,"HIGH_HUMIDITY,VIBRATION_DETECTED,HUMIDITY_VIBRATION_COMBO,HIGH_TEMPERATURE,TILT_DETECTED,LOW_LIGHT",2
2024-01-15T09:09:10,550000,110,BILB_001_MOCK,WARNING,25.0,29.77,64.43,1012.4,57.7,1.65,0.035,0.031,9.792,0,29.6,103.8,87.3,36.7,0,"ELEVATED_HUMIDITY,LOW_LIGHT",1
2024-01-15T09:09:17,555000,111,BILB_001_MOCK,CRITICAL,88.0,33.38,76.1,1013.2,36.6,16.16,0.009,0.017,9.79,0,61.9,147.7,65.0,142.3,0,"HIGH_HUMIDITY,ELEVATED_TEMPERATURE,CRITICAL_TILT,LOW_LIGHT",2
2024-01-15T09:09:20,560000,112,BILB_001_MOCK,OK,0.0,19.99,45.1,1012.4,293.5,-0.15,-0.012,0.058,9.822,0,40.0,138.6,113.7,98.7,0,NONE,0
2024-01-15T09:09:25,565000,113,BILB_001_MOCK,WARNING,25.0,27.33,60.72,1012.5,88.1,4.06,-0.069,-0.062,9.794,0,84.7,132.9,57.7,144.4,0,"ELEVATED_HUMIDITY,LOW_LIGHT",1
2024-01-15T09:09:30,570000,114,BILB_001_MOCK,WARNING,30.0,28.54,53.41,1012.5,87.4,1.83,0.021,0.019,9.806,1,60.6,149.3,115.4,131.9,0,"VIBRATION_DETECTED,LOW_LIGHT",1
2024-01-15T09:09:35,575000,115,BILB_001_MOCK,WARNING,30.0,27.24,54.8,1012.7,89.2,2.88,0.009,0.115,9.795,1,132.3,95.3,145.1,137.3,0,"VIBRATION_DETECTED,LOW_LIGHT",1
2024-01-15T09:09:42,580000,116,BILB_001_MOCK,OK,0.0,19.77,34.81,1013.4,411.9,0.54,-0.04,0.042,9.791,0,79.4,63.3,95.8,26.3,0,NONE,0
2024-01-15T09:09:46,585000,117,BILB_001_MOCK,WARNING,25.0,16.85,32.47,1013.2,271.0,-0.12,0.017,-0.004,9.799,1,72.4,28.1,26.7,93.0,0,VIBRATION_DETECTED,1
2024-01-15T09:09:52,590000,118,BILB_001_MOCK,OK,0.0,19.53,42.8,1012.5,315.5,-0.36,-0.048,0.016,9.787,0,68.5,197.6,92.5,67.5,0,NONE,0
2024-01-15T09:09:55,595000,119,BILB_001_MOCK,OK,0.0,18.38,34.96,1013.2,302.8,0.08,-0.057,0.063,9.814,0,38.2,187.6,61.4,71.1,0,NONE,0
2024-01-15T09:10:02,600000,120,BILB_001_MOCK,WARNING,25.0,29.21,55.27,1012.5,78.9,0.21,-0.022,0.045,9.782,0,34.2,95.0,60.0,136.8,0,"ELEVATED_HUMIDITY,LOW_LIGHT",1
2024-01-15T09:10:07,605000,121,BILB_001_MOCK,CRITICAL,88.0,39.47,81.51,1012.3,34.6,18.84,-0.037,-0.026,9.774,0,101.8,131.6,129.4,39.2,0,"HIGH_HUMIDITY,ELEVATED_TEMPERATURE,CRITICAL_TILT,LOW_LIGHT",2
2024-01-15T09:10:10,610000,122,BILB_001_MOCK,CRITICAL,100.0,44.54,83.84,1013.4,41.9,12.6,0.062,-0.073,9.798,1,139.7,177.1,115.7,28.1,0,"HIGH_HUMIDITY,VIBRATION_DETECTED,HUMIDITY_VIBRATION_COMBO,HIGH_TEMPERATURE,TILT_DETECTED,LOW_LIGHT",2
2024-01-15T09:10:17,615000,123,BILB_001_MOCK,OK,0.0,20.47,42.28,1013.5,258.4,-0.19,0.098,-0.026,9.796,0,120.4,149.8,103.6,110.1,0,NONE,0
2024-01-15T09:10:21,620000,124,BILB_001_MOCK,WARNING,25.0,27.8,66.22,1012.9,74.9,1.0,0.039,0.021,9.81,0,61.2,82.8,141.4,123.4,0,"ELEVATED_HUMIDITY,LOW_LIGHT",1
2024-01-15T09:10:26,625000,125,BILB_001_MOCK,OK,0.0,22.17,43.21,1013.9,376.8,-0.61,-0.025,-0.01,9.796,0,112.8,82.3,77.5,53.3,0,NONE,0
2024-01-15T09:10:30,630000,126,BILB_001_MOCK,WARNING,50.0,28.11,69.13,1012.5,67.4,4.11,-0.044,0.004,9.81,1,89.0,134.8,26.8,73.7,0,"ELEVATED_HUMIDITY,VIBRATION_DETECTED,LOW_LIGHT",1
2024-01-15T09:10:36,635000,127,BILB_001_MOCK,CRITICAL,100.0,40.54,88.11,1012.0,40.6,17.05,0.065,0.041,9.764,0,45.9,193.5,61.8,104.0,0,"HIGH_HUMIDITY,HIGH_TEMPERATURE,CRITICAL_TILT,LOW_LIGHT",2
2024-01-15T09:10:40,640000,128,BILB_001_MOCK,CRITICAL,100.0,33.32,75.25,1013.5,10.8,11.45,-0.025,0.061,9.74,1,24.7,170.5,122.4,44.2,0,"HIGH_HUMIDITY,VIBRATION_DETECTED,HUMIDITY_VIBRATION_COMBO,ELEVATED_TEMPERATURE,TILT_DETECTED,LOW_LIGHT",2
2024-01-15T09:10:46,645000,129,BILB_001_MOCK,CRITICAL,63.0,35.39,79.24,1012.7,37.0,10.27,0.147,-0.056,9.774,0,142.0,173.2,80.8,45.1,0,"HIGH_HUMIDITY,ELEVATED_TEMPERATURE,TILT_DETECTED,LOW_LIGHT",2
2024-01-15T09:10:51,650000,130,BILB_001_MOCK,OK,0.0,21.16,42.72,1013.2,325.7,-0.01,-0.063,0.001,9.768,0,131.3,181.5,127.5,87.0,0,NONE,0
2024-01-15T09:10:56,655000,131,BILB_001_MOCK,OK,0.0,19.38,35.21,1013.0,327.3,0.17,0.037,0.003,9.73,0,59.3,150.1,21.5,105.0,0,NONE,0
2024-01-15T09:11:00,660000,132,BILB_001_MOCK,CRITICAL,100.0,36.86,81.53,1013.6,54.3,10.57,-0.048,-0.009,9.789,1,139.1,73.1,99.9,48.5,0,"HIGH_HUMIDITY,VIBRATION_DETECTED,HUMIDITY_VIBRATION_COMBO,ELEVATED_TEMPERATURE,TILT_DETECTED,LOW_LIGHT",2
2024-01-15T09:11:06,665000,133,BILB_001_MOCK,OK,0.0,21.9,44.81,1012.4,274.4,-0.24,0.011,-0.018,9.768,0,52.2,155.9,133.5,30.6,0,NONE,0
2024-01-15T09:11:12,670000,134,BILB_001_MOCK,WARNING,25.0,26.65,59.68,1012.3,77.2,1.51,-0.002,0.026,9.794,0,87.6,40.9,46.7,95.8,0,"ELEVATED_HUMIDITY,LOW_LIGHT",1
2024-01-15T09:11:17,675000,135,BILB_001_MOCK,OK,0.0,19.36,38.57,1012.3,330.6,0.21,-0.027,-0.004,9.784,0,53.1,20.5,48.3,29.5,0,NONE,0
2024-01-15T09:11:21,680000,136,BILB_001_MOCK,OK,5.0,25.85,54.87,1012.6,95.7,4.95,0.007,0.011,9.79,0,103.4,151.3,145.3,68.7,0,LOW_LIGHT,0
2024-01-15T09:11:26,685000,137,BILB_001_MOCK,OK,0.0,22.97,30.04,1012.3,342.7,-0.32,-0.018,-0.018,9.79,0,89.8,115.2,114.6,48.9,0,NONE,0
2024-01-15T09:11:30,690000,138,BILB_001_MOCK,OK,0.0,22.21,37.25,1013.1,258.8,-0.06,0.055,0.018,9.791,0,133.8,157.8,24.2,105.8,0,NONE,0
2024-01-15T09:11:35,695000,139,BILB_001_MOCK,WARNING,25.0,27.07,64.24,1013.3,67.9,0.64,-0.027,0.052,9.786,0,90.2,155.8,120.9,38.2,0,"ELEVATED_HUMIDITY,LOW_LIGHT",1
2024-01-15T09:11:40,700000,140,BILB_001_MOCK,OK,0.0,21.3,30.57,1012.8,349.0,-0.17,0.038,0.046,9.803,0,48.7,74.1,27.9,143.3,0,NONE,0
2024-01-15T09:11:45,705000,141,BILB_001_MOCK,CRITICAL,53.0,32.03,73.99,1012.6,41.1,1.29,-0.077,-0.022,9.799,0,39.4,87.8,118.1,81.6,0,"HIGH_HUMIDITY,ELEVATED_TEMPERATURE,LOW_LIGHT",2
2024-01-15T09:11:51,710000,142,BILB_001_MOCK,OK,0.0,20.7,35.82,1012.5,303.2,-0.1,0.031,-0.029,9.79,0,62.9,34.2,78.5,68.2,0,NONE,0
2024-01-15T09:11:57,715000,143,BILB_001_MOCK,WARNING,50.0,27.47,60.29,1013.8,99.0,0.53,0.04,-0.064,9.764,1,48.2,57.6,137.9,59.4,0,"ELEVATED_HUMIDITY,VIBRATION_DETECTED,LOW_LIGHT",1
2024-01-15T09:12:00,720000,144,BILB_001_MOCK,OK,0.0,24.72,33.08,1013.0,405.9,0.87,0.068,0.031,9.823,0,91.8,159.6,69.5,89.4,0,NONE,0
2024-01-15T09:12:06,725000,145,BILB_001_MOCK,OK,0.0,19.83,43.98,1012.1,300.3,-0.14,0.018,0.041,9.77,0,73.8,121.3,48.8,39.0,0,NONE,0
2024-01-15T09:12:12,730000,146,BILB_001_MOCK,OK,0.0,22.41,35.38,1012.3,311.4,-0.15,0.065,-0.073,9.78,0,109.0,66.3,126.8,145.6,0,NONE,0
2024-01-15T09:12:17,735000,147,BILB_001_MOCK,CRITICAL,100.0,32.58,80.29,1011.9,31.2,12.68,0.008,-0.069,9.773,1,27.6,26.1,130.1,142.9,0,"HIGH_HUMIDITY,VIBRATION_DETECTED,HUMIDITY_VIBRATION_COMBO,ELEVATED_TEMPERATURE,TILT_DETECTED,LOW_LIGHT",2
2024-01-15T09:12:20,740000,148,BILB_001_MOCK,CRITICAL,100.0,35.37,71.78,1013.6,30.9,13.59,0.003,-0.048,9.8,1,106.7,131.0,82.8,83.4,0,"HIGH_HUMIDITY,VIBRATION_DETECTED,HUMIDITY_VIBRATION_COMBO,ELEVATED_TEMPERATURE,TILT_DETECTED,LOW_LIGHT",2
2024-01-15T09:12:27,745000,149,BILB_001_MOCK,OK,0.0,19.71,37.75,1013.9,294.1,-0.24,0.01,-0.042,9.748,0,138.3,39.3,32.5,39.4,0,NONE,0
2024-01-15T09:12:32,750000,150,BILB_001_MOCK,OK,0.0,16.38,36.48,1012.5,340.0,-0.03,0.036,0.036,9.779,0,108.9,172.6,105.0,131.6,0,NONE,0
2024-01-15T09:12:35,755000,151,BILB_001_MOCK,CRITICAL,100.0,38.25,84.33,1013.3,38.3,10.71,0.052,-0.08,9.794,1,93.6,174.4,32.4,88.7,0,"HIGH_HUMIDITY,VIBRATION_DETECTED,HUMIDITY_VIBRATION_COMBO,ELEVATED_TEMPERATURE,TILT_DETECTED,LOW_LIGHT",2
2024-01-15T09:12:40,760000,152,BILB_001_MOCK,WARNING,25.0,20.97,47.77,1014.0,270.5,0.26,0.051,0.052,9.765,1,24.3,187.2,60.9,145.0,0,VIBRATION_DETECTED,1
2024-01-15T09:12:45,765000,153,BILB_001_MOCK,WARNING,30.0,27.07,52.52,1013.1,84.8,1.52,0.095,-0.082,9.807,1,63.1,156.0,38.2,148.5,0,"VIBRATION_DETECTED,LOW_LIGHT",1
2024-01-15T09:12:50,770000,154,BILB_001_MOCK,CRITICAL,80.0,24.17,79.89,1012.5,45.3,16.05,0.072,0.048,9.774,0,120.6,25.3,55.5,149.0,0,"HIGH_HUMIDITY,CRITICAL_TILT,LOW_LIGHT",2
2024-01-15T09:12:55,775000,155,BILB_001_MOCK,CRITICAL,45.0,22.59,73.24,1013.6,92.5,-0.06,0.036,0.023,9.75,0,30.7,47.8,112.5,102.4,0,"HIGH_HUMIDITY,LOW_LIGHT",2
2024-01-15T09:13:01,780000,156,BILB_001_MOCK,CRITICAL,100.0,34.23,83.47,1013.0,40.4,15.43,0.026,0.021,9.8,1,92.1,93.4,23.4,66.0,0,"HIGH_HUMIDITY,VIBRATION_DETECTED,HUMIDITY_VIBRATION_COMBO,ELEVATED_TEMPERATURE,CRITICAL_TILT,LOW_LIGHT",2
2024-01-15T09:13:07,785000,157,BILB_001_MOCK,OK,0.0,18.55,35.44,1013.9,321.9,-0.19,0.055,0.114,9.749,0,94.4,50.5,69.5,38.0,0,NONE,0
2024-01-15T09:13:11,790000,158,BILB_001_MOCK,OK,0.0,19.28,38.08,1013.3,316.7,-0.29,0.018,0.002,9.808,0,97.2,55.2,33.9,59.6,0,NONE,0
2024-01-15T09:13:16,795000,159,BILB_001_MOCK,WARNING,25.0,28.6,57.08,1013.3,63.6,3.05,-0.065,-0.035,9.771,0,98.4,145.2,82.3,43.1,0,"ELEVATED_HUMIDITY,LOW_LIGHT",1
2024-01-15T09:13:21,800000,160,BILB_001_MOCK,CRITICAL,85.0,25.81,70.93,1012.3,81.5,0.04,0.065,-0.019,9.786,1,93.3,126.6,90.9,108.6,0,"HIGH_HUMIDITY,VIBRATION_DETECTED,HUMIDITY_VIBRATION_COMBO,LOW_LIGHT",2
2024-01-15T09:13:25,805000,161,BILB_001_MOCK,WARNING,58.0,30.19,60.06,1012.7,59.2,1.58,-0.087,0.015,9.76,1,84.9,134.0,51.5,105.6,0,"ELEVATED_HUMIDITY,VIBRATION_DETECTED,ELEVATED_TEMPERATURE,LOW_LIGHT",1
2024-01-15T09:13:31,810000,162,BILB_001_MOCK,CRITICAL,100.0,35.38,76.96,1011.9,39.0,16.56,-0.005,-0.022,9.757,1,122.8,84.7,136.4,89.8,0,"HIGH_HUMIDITY,VIBRATION_DETECTED,HUMIDITY_VIBRATION_COMBO,ELEVATED_TEMPERATURE,CRITICAL_TILT,LOW_LIGHT",2
2024-01-15T09:13:35,815000,163,BILB_001_MOCK,CRITICAL,100.0,37.34,83.83,1012.3,32.2,10.77,-0.028,-0.079,9.738,1,63.1,163.3,33.8,32.8,0,"HIGH_HUMIDITY,VIBRATION_DETECTED,HUMIDITY_VIBRATION_COMBO,ELEVATED_TEMPERATURE,TILT_DETECTED,LOW_LIGHT",2
2024-01-15T09:13:42,820000,164,BILB_001_MOCK,OK,0.0,19.95,31.61,1012.3,273.9,-0.08,0.017,-0.01,9.769,0,149.7,106.9,58.4,139.7,0,NONE,0
2024-01-15T09:13:45,825000,165,BILB_001_MOCK,OK,0.0,21.58,30.94,1012.5,329.9,-0.16,-0.006,0.065,9.798,0,78.8,32.1,25.8,112.4,0,NONE,0
2024-01-15T09:13:51,830000,166,BILB_001_MOCK,OK,0.0,18.2,31.97,1013.1,398.7,0.44,0.026,-0.117,9.761,0,50.1,92.9,44.0,103.3,0,NONE,0
2024-01-15T09:13:56,835000,167,BILB_001_MOCK,WARNING,28.0,31.07,63.51,1012.9,105.3,2.65,-0.033,0.001,9.744,0,28.1,38.3,133.4,44.3,0,"ELEVATED_HUMIDITY,ELEVATED_TEMPERATURE",1
2024-01-15T09:14:00,840000,168,BILB_001_MOCK,OK,0.0,18.49,39.03,1012.4,262.8,0.24,-0.039,-0.039,9.77,0,129.9,131.1,125.8,111.8,0,NONE,0
2024-01-15T09:14:07,845000,169,BILB_001_MOCK,OK,0.0,17.48,33.99,1012.8,327.2,-0.09,0.02,-0.051,9.797,0,94.7,96.1,83.3,89.9,0,NONE,0
2024-01-15T09:14:10,850000,170,BILB_001_MOCK,CRITICAL,100.0,30.63,76.86,1013.4,50.1,14.21,0.016,0.027,9.781,1,126.0,193.5,85.7,84.3,0,"HIGH_HUMIDITY,VIBRATION_DETECTED,HUMIDITY_VIBRATION_COMBO,ELEVATED_TEMPERATURE,TILT_DETECTED,LOW_LIGHT",2
2024-01-15T09:14:16,855000,171,BILB_001_MOCK,CRITICAL,95.0,28.39,87.74,1013.0,40.4,10.34,-0.041,-0.01,9.805,1,41.9,102.3,116.5,119.6,0,"HIGH_HUMIDITY,VIBRATION_DETECTED,HUMIDITY_VIBRATION_COMBO,TILT_DETECTED,LOW_LIGHT",2
2024-01-15T09:14:22,860000,172,BILB_001_MOCK,WARNING,25.0,28.12,63.93,1013.1,43.2,2.44,-0.013,-0.012,9.755,0,148.7,38.4,127.9,117.7,0,"ELEVATED_HUMIDITY,LOW_LIGHT",1
2024-01-15T09:14:25,865000,173,BILB_001_MOCK,OK,0.0,18.24,39.44,1013.1,260.7,0.13,-0.036,0.025,9.755,0,65.6,147.9,102.3,41.6,0,NONE,0
2024-01-15T09:14:30,870000,174,BILB_001_MOCK,OK,0.0,21.41,29.66,1013.7,279.0,-0.33,0.121,-0.017,9.805,0,143.8,112.6,137.0,126.0,0,NONE,0
2024-01-15T09:14:36,875000,175,BILB_001_MOCK,OK,0.0,25.46,30.36,1013.0,284.5,0.1,0.079,0.04,9.75,0,107.9,108.1,95.1,54.9,0,NONE,0
2024-01-15T09:14:41,880000,176,BILB_001_MOCK,WARNING,25.0,22.94,64.53,1012.8,74.0,2.48,0.116,-0.083,9.816,0,62.5,20.4,120.6,115.3,0,"ELEVATED_HUMIDITY,LOW_LIGHT",1
2024-01-15T09:14:46,885000,177,BILB_001_MOCK,CRITICAL,100.0,30.91,70.73,1013.9,18.4,16.19,-0.019,-0.044,9.781,1,56.9,118.5,37.0,130.8,0,"HIGH_HUMIDITY,VIBRATION_DETECTED,HUMIDITY_VIBRATION_COMBO,ELEVATED_TEMPERATURE,CRITICAL_TILT,LOW_LIGHT",2
2024-01-15T09:14:52,890000,178,BILB_001_MOCK,WARNING,25.0,20.05,36.47,1013.3,245.8,-0.4,-0.013,-0.149,9.797,1,75.6,199.2,138.2,134.7,0,VIBRATION_DETECTED,1
2024-01-15T09:14:55,895000,179,BILB_001_MOCK,OK,0.0,22.88,30.74,1012.6,320.9,0.24,-0.062,0.066,9.789,0,114.4,155.9,75.8,31.9,0,NONE,0
2024-01-15T09:15:00,900000,180,BILB_001_MOCK,OK,0.0,20.18,39.96,1013.5,273.1,-0.3,0.002,0.072,9.807,0,110.2,106.0,49.8,31.6,0,NONE,0
2024-01-15T09:15:05,905000,181,BILB_001_MOCK,OK,0.0,18.4,47.51,1014.1,352.3,0.34,0.117,0.038,9.799,0,21.1,137.0,77.2,113.9,0,NONE,0
2024-01-15T09:15:12,910000,182,BILB_001_MOCK,CRITICAL,100.0,37.39,86.71,1013.7,12.6,8.92,0.049,-0.042,9.769,1,145.2,76.6,38.2,56.0,0,"HIGH_HUMIDITY,VIBRATION_DETECTED,HUMIDITY_VIBRATION_COMBO,ELEVATED_TEMPERATURE,TILT_DETECTED,LOW_LIGHT",2
2024-01-15T09:15:15,915000,183,BILB_001_MOCK,OK,0.0,17.44,35.77,1013.4,256.5,-0.41,-0.06,-0.019,9.803,0,86.2,154.6,58.4,27.1,0,NONE,0
2024-01-15T09:15:21,920000,184,BILB_001_MOCK,OK,0.0,18.88,40.44,1013.5,288.3,-0.07,0.004,-0.02,9.798,0,129.1,95.8,91.0,42.5,0,NONE,0
2024-01-15T09:15:25,925000,185,BILB_001_MOCK,WARNING,50.0,28.12,62.23,1013.1,85.7,1.97,-0.058,-0.041,9.763,1,74.0,146.3,30.7,89.8,0,"ELEVATED_HUMIDITY,VIBRATION_DETECTED,LOW_LIGHT",1
2024-01-15T09:15:30,930000,186,BILB_001_MOCK,WARNING,25.0,26.56,67.09,1012.5,79.0,0.99,-0.011,-0.063,9.752,0,108.5,31.9,110.8,114.9,0,"ELEVATED_HUMIDITY,LOW_LIGHT",1
2024-01-15T09:15:35,935000,187,BILB_001_MOCK,OK,0.0,20.16,49.36,1012.6,336.7,0.31,-0.063,0.004,9.783,0,37.8,22.0,84.5,65.1,0,NONE,0
2024-01-15T09:15:42,940000,188,BILB_001_MOCK,WARNING,25.0,26.83,67.78,1013.8,39.3,2.0,0.072,-0.027,9.798,0,88.1,67.3,146.8,101.6,0,"ELEVATED_HUMIDITY,LOW_LIGHT",1
2024-01-15T09:15:46,945000,189,BILB_001_MOCK,WARNING,50.0,25.99,61.86,1013.2,70.7,2.57,-0.105,-0.011,9.771,1,116.3,20.5,131.6,21.6,0,"ELEVATED_HUMIDITY,VIBRATION_DETECTED,LOW_LIGHT",1
2024-01-15T09:15:51,950000,190,BILB_001_MOCK,WARNING,25.0,17.05,46.48,1013.3,391.7,0.33,-0.075,-0.02,9.768,1,52.3,184.9,61.6,127.4,0,VIBRATION_DETECTED,1
2024-01-15T09:15:56,955000,191,BILB_001_MOCK,WARNING,33.0,30.28,68.12,1013.5,84.6,3.01,0.014,0.072,9.752,0,120.6,75.9,31.2,79.4,0,"ELEVATED_HUMIDITY,ELEVATED_TEMPERATURE,LOW_LIGHT",1
2024-01-15T09:16:00,960000,192,BILB_001_MOCK,OK,0.0,19.09,46.46,1014.7,270.2,-0.01,-0.031,0.013,9.748,0,91.1,163.3,39.6,141.2,0,NONE,0
2024-01-15T09:16:05,965000,193,BILB_001_MOCK,OK,0.0,17.25,36.17,1013.0,294.8,-0.01,-0.049,-0.003,9.763,0,46.7,197.0,74.6,145.0,0,NONE,0
2024-01-15T09:16:12,970000,194,BILB_001_MOCK,OK,0.0,19.89,39.47,1013.4,376.8,0.07,-0.034,-0.001,9.754,0,85.7,134.7,71.3,96.9,0,NONE,0
2024-01-15T09:16:16,975000,195,BILB_001_MOCK,OK,0.0,19.45,35.74,1012.3,375.4,-0.15,0.059,-0.025,9.799,0,50.4,189.8,37.7,120.1,0,NONE,0
2024-01-15T09:16:20,980000,196,BILB_001_MOCK,OK,0.0,21.72,41.37,1013.1,318.7,-0.06,-0.054,-0.095,9.789,0,31.8,165.4,59.5,111.6,0,NONE,0
2024-01-15T09:16:25,985000,197,BILB_001_MOCK,CRITICAL,40.0,28.29,73.54,1012.9,105.3,3.41,0.01,-0.028,9.815,0,42.6,191.4,131.1,92.3,0,HIGH_HUMIDITY,2
2024-01-15T09:16:30,990000,198,BILB_001_MOCK,WARNING,50.0,28.15,63.56,1013.1,70.2,2.21,-0.035,0.016,9.799,1,109.2,188.8,30.9,96.2,0,"ELEVATED_HUMIDITY,VIBRATION_DETECTED,LOW_LIGHT",1
2024-01-15T09:16:35,995000,199,BILB_001_MOCK,OK,0.0,21.33,37.94,1013.5,242.2,-0.33,-0.074,0.086,9.813,0,26.6,186.3,76.3,114.2,0,NONE,0
2024-01-15T09:16:40,1000000,200,BILB_001_MOCK,WARNING,45.0,24.66,66.25,1012.7,114.7,0.01,0.009,-0.052,9.762,1,104.1,109.8,134.8,82.3,0,"ELEVATED_HUMIDITY,VIBRATION_DETECTED",1
